{
  "hash": "506cb1d4",
  "configHash": "7bd6ea7b",
  "lockfileHash": "e72dcf53",
  "browserHash": "bff1cfda",
  "optimized": {
    "@angular/core": {
      "src": "../../../../../../node_modules/@angular/core/fesm2022/core.mjs",
      "file": "@angular_core.js",
      "fileHash": "8b1e1d71",
      "needsInterop": false
    },
    "@angular/platform-browser": {
      "src": "../../../../../../node_modules/@angular/platform-browser/fesm2022/platform-browser.mjs",
      "file": "@angular_platform-browser.js",
      "fileHash": "d5a0fc7e",
      "needsInterop": false
    },
    "@angular/router": {
      "src": "../../../../../../node_modules/@angular/router/fesm2022/router.mjs",
      "file": "@angular_router.js",
      "fileHash": "c433b0d3",
      "needsInterop": false
    },
    "@angular/common/http": {
      "src": "../../../../../../node_modules/@angular/common/fesm2022/http.mjs",
      "file": "@angular_common_http.js",
      "fileHash": "932098bd",
      "needsInterop": false
    },
    "@angular/common": {
      "src": "../../../../../../node_modules/@angular/common/fesm2022/common.mjs",
      "file": "@angular_common.js",
      "fileHash": "722eb324",
      "needsInterop": false
    }
  },
  "chunks": {
    "chunk-N537UPWY": {
      "file": "chunk-N537UPWY.js"
    },
    "chunk-RNEKZLHO": {
      "file": "chunk-RNEKZLHO.js"
    },
    "chunk-WWC5APFF": {
      "file": "chunk-WWC5APFF.js"
    },
    "chunk-I4AHI2R4": {
      "file": "chunk-I4AHI2R4.js"
    }
  }
}